{
  "symbols": [
    "AAPL",
    "AMZN",
    "BA",
    "BAC",
    "CAT",
    "CVX",
    "DIS",
    "GOOGL",
    "GS",
    "HD",
    "JNJ",
    "JPM",
    "LLY",
    "MA",
    "META",
    "MSFT",
    "NEE",
    "NEM",
    "NFLX",
    "NKE",
    "NVDA",
    "ORCL",
    "PFE",
    "PG",
    "PLD",
    "TSLA",
    "UNH",
    "V",
    "WMT",
    "XOM"
  ],
  "standard": [
    -0.7548906341552647,
    5.876381268310536,
    1.106713571166998,
    1.7619023048400704,
    33.1814473144531,
    -6.131150805664045,
    4.02492176971439,
    6.547193756103516,
    3.2876197814941848,
    8.013676852417003,
    22.020681488037123,
    20.889299287414556,
    5.160891467285167,
    17.09877519226077,
    0.33187484741213846,
    21.665553146362317,
    0.38549566421507914,
    60.83267261924746,
    35.17181713256839,
    -13.57137742080688,
    0.18291896896362594,
    2.756444963073707,
    -1.0011957406997827,
    0.0,
    -2.283772076416004,
    -0.3367104888915783,
    -25.201826464843748,
    3.3753482910156305,
    6.741167162322991,
    -2.1137176338195713
  ],
  "attention": [
    0.0,
    0.4952629623413086,
    16.095817558288577,
    0.0,
    49.05576180419919,
    -1.2668188430786103,
    6.124357464599626,
    0.0,
    33.72232839050292,
    8.174091366577166,
    0.0,
    -0.23318459625242394,
    0.0,
    18.14091352844241,
    0.0,
    23.50882068176272,
    0.3292454811096249,
    0.0,
    7.167030004882821,
    -0.25918148117064266,
    51.591661338043195,
    0.0,
    0.3511841140746983,
    -11.002758763122547,
    -0.06717875595092483,
    37.87290858154299,
    -4.183824999999997,
    0.0,
    1.28915409164429,
    -2.4345666343688643
  ],
  "buy_hold": [
    43.996948063052955,
    23.639997209821427,
    25.55409933595536,
    31.45096928462518,
    46.845197428850526,
    -7.670372696882796,
    -1.719168369889546,
    45.33112734874086,
    79.12868239740537,
    12.425946570406605,
    31.90400861136468,
    56.92604883082932,
    6.707209868895136,
    23.554956867543826,
    63.9584270816344,
    31.240851996442892,
    24.458708309466555,
    109.49803314055846,
    121.57488079279194,
    -29.308476359669143,
    111.98583685147119,
    157.5472452352335,
    -3.2786890127714186,
    -8.278183063398306,
    8.995590426900698,
    125.60562690329003,
    -26.71077298872005,
    27.936418092092858,
    71.59224760940276,
    -6.375237592073481
  ]
}