{
  "config": {
    "data_frequency": "DAILY",
    "num_episodes": 100,
    "commission_pct": 0.1,
    "slippage_pct": 0.05
  },
  "stocks": [
    "AAPL",
    "AMZN",
    "BA",
    "BAC",
    "CAT"
  ],
  "standard_returns": [
    0.0,
    0.0,
    -20.330132966267424,
    28.925721925169462,
    -20.664879391253503
  ],
  "attention_returns": [
    0.0,
    0.0,
    20.481778868034176,
    0.0,
    0.0
  ],
  "buy_hold_returns": [
    39.762082186679415,
    14.12952215656042,
    21.22396169424311,
    33.48694240090235,
    31.728870724940528
  ]
}